Day number, Number of animals, Number of plants, Number of empty cells, Most popular genome, Average energy, Average number of children, Average lifespan of dead animals
1,5000,300,292,[3, 5, 6],10.0,0.0,0.0,
2,6500,348,271,[3, 5, 6],7.31,0.46,0.0,
3,8013,321,145,[3, 5, 6],5.53,0.75,0.0,
4,9109,315,106,[1, 2, 4],4.32,0.9,0.0,
5,9243,307,68,[1, 2, 4],3.6,0.92,0.0,
6,9412,304,52,[1, 2, 4],2.88,0.94,0.0,
7,8153,306,107,[1, 1, 6],2.71,1.13,4.0,
8,4225,339,517,[3, 2, 3],4.92,1.02,4.95,
9,3446,360,740,[1, 2, 0],5.9,1.37,4.81,
10,2204,403,1300,[1, 5, 6],9.49,1.73,5.33,
11,2275,433,1264,[1, 5, 6],9.47,1.85,5.31,
12,2256,438,1282,[1, 5, 6],9.95,2.0,5.33,
13,2259,450,1240,[3, 0, 5],10.3,2.15,5.31,
14,2192,476,1283,[3, 0, 5],10.96,2.22,5.37,
15,2189,490,1269,[3, 0, 5],11.37,2.38,5.36,
16,2136,506,1310,[3, 6, 4],12.07,2.48,5.42,
17,2168,510,1296,[4, 4, 1],12.36,2.62,5.41,
18,2121,534,1312,[5, 7, 4],13.04,2.73,5.49,
19,2153,560,1301,[3, 4, 3],13.22,2.87,5.48,
20,2163,564,1293,[5, 7, 1],13.63,2.96,5.52,
21,2213,585,1275,[5, 7, 1],13.68,3.08,5.51,
22,2224,586,1271,[2, 2, 7],14.06,3.17,5.53,
23,2258,597,1262,[2, 2, 7],14.24,3.31,5.53,
24,2277,589,1261,[1, 2, 2],14.58,3.39,5.56,
25,2323,594,1249,[4, 7, 5],14.66,3.51,5.55,
26,2349,610,1251,[5, 7, 4],14.82,3.61,5.58,
27,2387,630,1219,[2, 5, 4],14.86,3.71,5.58,
28,2405,634,1226,[5, 5, 2],15.08,3.82,5.6,
29,2427,637,1221,[7, 6, 5],15.27,3.94,5.6,
30,2429,634,1211,[1, 7, 1],15.61,4.05,5.61,
31,2425,651,1213,[1, 4, 4],15.9,4.2,5.61,
32,2407,651,1212,[1, 4, 4],16.36,4.34,5.63,
33,2400,643,1200,[1, 4, 4],16.79,4.5,5.63,
34,2384,647,1199,[6, 2, 2],17.25,4.62,5.65,
35,2399,660,1191,[0, 5, 5],17.44,4.76,5.64,
36,2386,643,1193,[0, 5, 5],17.97,4.88,5.67,
37,2401,646,1188,[3, 2, 2],18.19,4.98,5.67,
38,2387,647,1168,[0, 5, 5],18.65,5.11,5.69,
39,2376,645,1159,[0, 0, 4],19.1,5.27,5.69,
40,2368,650,1150,[4, 5, 5],19.51,5.4,5.7,
41,2385,651,1156,[6, 6, 7],19.73,5.51,5.71,
42,2417,648,1163,[4, 5, 5],19.83,5.54,5.73,
43,2471,627,1175,[4, 5, 5],19.8,5.6,5.72,
44,2499,618,1153,[4, 5, 5],19.92,5.65,5.74,
45,2520,618,1152,[4, 5, 5],20.05,5.77,5.74,
46,2530,615,1176,[2, 3, 4],20.26,5.88,5.74,
47,2550,608,1165,[5, 2, 6],20.41,5.97,5.74,
48,2576,586,1180,[5, 2, 6],20.56,6.06,5.75,
49,2576,565,1191,[5, 2, 6],20.91,6.21,5.75,
50,2581,558,1228,[1, 2, 6],21.16,6.33,5.76,
51,2598,536,1225,[7, 6, 5],21.36,6.41,5.77,
52,2610,545,1206,[4, 5, 5],21.48,6.52,5.77,
53,2585,546,1212,[1, 5, 6],21.94,6.72,5.77,
54,2591,549,1197,[7, 2, 1],22.14,6.84,5.78,
55,2604,560,1220,[1, 5, 6],22.24,6.93,5.79,
56,2581,553,1211,[1, 5, 6],22.73,7.07,5.81,
57,2604,539,1205,[1, 5, 6],22.84,7.16,5.81,
58,2602,532,1204,[1, 5, 6],23.13,7.29,5.83,
59,2606,554,1213,[4, 5, 5],23.27,7.4,5.84,
60,2606,547,1212,[2, 0, 2],23.55,7.52,5.85,
61,2612,552,1196,[2, 0, 2],23.73,7.63,5.85,
62,2612,562,1187,[2, 5, 5],23.94,7.76,5.86,
63,2618,554,1174,[1, 5, 6],24.16,7.88,5.86,
64,2611,560,1155,[1, 5, 6],24.45,8.0,5.88,
65,2617,563,1172,[1, 5, 6],24.63,8.14,5.88,
66,2608,560,1177,[1, 5, 6],24.98,8.28,5.89,
67,2594,562,1163,[1, 5, 6],25.36,8.43,5.9,
68,2589,545,1183,[1, 5, 6],25.73,8.54,5.91,
69,2602,553,1184,[5, 5, 5],25.83,8.64,5.91,
70,2571,535,1205,[1, 5, 6],26.48,8.82,5.92,
71,2581,532,1185,[1, 5, 6],26.65,8.94,5.92,
72,2585,533,1175,[0, 3, 2],26.86,9.01,5.93,
73,2596,531,1182,[1, 5, 6],27.02,9.1,5.93,
74,2591,521,1193,[5, 5, 1],27.36,9.21,5.94,
75,2613,525,1184,[1, 4, 4],27.37,9.3,5.94,
76,2629,522,1197,[5, 5, 1],27.45,9.37,5.94,
77,2652,526,1181,[1, 4, 4],27.44,9.44,5.94,
78,2648,521,1223,[1, 4, 4],27.73,9.59,5.94,
79,2663,518,1187,[3, 5, 4],27.81,9.66,5.95,
80,2655,511,1193,[2, 3, 0],28.15,9.8,5.95,
81,2672,499,1188,[1, 5, 6],28.24,9.9,5.95,
82,2663,498,1216,[1, 5, 6],28.57,10.01,5.96,
83,2681,508,1189,[3, 5, 7],28.56,10.11,5.96,
84,2672,509,1194,[5, 4, 1],28.87,10.26,5.97,
85,2677,522,1177,[1, 5, 6],28.99,10.37,5.97,
86,2647,517,1194,[3, 2, 1],29.57,10.57,5.99,
87,2653,513,1198,[1, 5, 6],29.75,10.65,6.0,
88,2628,516,1215,[6, 2, 4],30.26,10.88,6.0,
89,2620,497,1213,[6, 2, 4],30.67,11.05,6.0,
90,2607,504,1194,[6, 2, 4],31.04,11.16,6.02,
91,2599,510,1183,[6, 2, 4],31.37,11.34,6.02,
92,2616,504,1223,[5, 5, 5],31.44,11.38,6.03,
93,2600,501,1212,[5, 5, 5],31.9,11.53,6.05,
94,2607,503,1217,[5, 5, 5],32.06,11.64,6.05,
95,2609,502,1211,[5, 5, 5],32.29,11.75,6.06,
96,2609,503,1201,[2, 2, 2],32.54,11.85,6.07,
97,2627,528,1194,[5, 5, 5],32.47,11.9,6.08,
98,2655,518,1192,[7, 6, 5],32.4,11.89,6.09,
99,2670,519,1181,[3, 2, 5],32.43,11.97,6.08,
100,2688,525,1179,[3, 2, 5],32.41,12.0,6.09,
101,2675,528,1180,[3, 2, 5],32.78,12.17,6.09,
102,2661,507,1176,[1, 6, 5],33.26,12.33,6.1,
103,2662,519,1172,[3, 0, 5],33.42,12.48,6.09,
104,2634,520,1167,[3, 0, 5],34.01,12.73,6.09,
105,2606,542,1159,[2, 6, 4],34.54,12.94,6.1,
106,2586,530,1174,[2, 6, 4],35.12,13.05,6.12,
107,2601,514,1191,[0, 0, 6],35.23,13.15,6.11,
108,2632,512,1163,[1, 5, 6],35.07,13.12,6.12,
109,2652,501,1180,[1, 2, 2],35.07,13.16,6.12,
110,2653,501,1168,[1, 5, 6],35.29,13.24,6.12,
111,2640,508,1188,[2, 5, 6],35.67,13.45,6.12,
112,2642,503,1201,[2, 5, 6],35.9,13.55,6.14,
113,2639,477,1185,[1, 5, 6],36.27,13.69,6.13,
114,2635,479,1195,[1, 5, 6],36.56,13.84,6.13,
115,2632,479,1204,[0, 2, 1],36.84,13.97,6.14,
116,2638,482,1181,[0, 2, 1],36.98,14.06,6.15,
117,2646,485,1210,[3, 5, 2],37.09,14.15,6.15,
118,2659,474,1209,[2, 6, 4],37.18,14.21,6.15,
119,2662,472,1209,[5, 5, 5],37.38,14.31,6.16,
120,2677,478,1204,[5, 5, 5],37.37,14.35,6.16,
121,2667,490,1197,[1, 5, 6],37.68,14.54,6.16,
122,2672,476,1195,[2, 6, 4],37.89,14.63,6.17,
123,2665,495,1188,[2, 6, 4],38.14,14.77,6.17,
124,2652,481,1198,[2, 6, 4],38.61,14.94,6.18,
125,2647,475,1215,[1, 2, 6],38.94,15.05,6.19,
126,2639,483,1198,[1, 2, 2],39.26,15.21,6.19,
127,2624,471,1244,[2, 2, 4],39.77,15.41,6.2,
128,2620,471,1208,[1, 2, 6],40.08,15.49,6.21,
129,2635,471,1219,[5, 2, 6],40.09,15.51,6.21,
130,2649,474,1223,[5, 2, 6],40.1,15.5,6.23,
131,2649,473,1201,[5, 2, 6],40.33,15.64,6.23,
132,2662,482,1207,[1, 5, 2],40.33,15.7,6.23,
133,2678,484,1180,[4, 5, 5],40.3,15.76,6.22,
134,2670,474,1207,[4, 5, 5],40.68,15.9,6.23,
135,2644,472,1222,[4, 5, 5],41.32,16.15,6.24,
136,2647,474,1212,[1, 5, 6],41.5,16.24,6.25,
137,2603,474,1213,[4, 5, 5],42.44,16.61,6.25,
138,2581,475,1218,[5, 5, 5],43.06,16.84,6.26,
139,2567,495,1233,[1, 5, 6],43.49,17.06,6.26,
140,2568,489,1246,[2, 3, 5],43.77,17.19,6.26,
141,2571,494,1229,[2, 5, 6],43.96,17.32,6.26,
142,2605,490,1221,[0, 5, 2],43.66,17.22,6.26,
143,2612,487,1222,[3, 2, 1],43.8,17.33,6.26,
144,2621,490,1227,[3, 2, 1],43.89,17.25,6.28,
145,2626,484,1249,[5, 1, 6],44.07,17.34,6.28,
146,2630,481,1239,[5, 1, 6],44.26,17.39,6.29,
147,2652,490,1238,[7, 3, 0],44.09,17.38,6.29,
148,2644,497,1226,[2, 5, 1],44.43,17.54,6.29,
149,2652,489,1227,[5, 1, 0],44.56,17.67,6.29,
150,2645,491,1229,[2, 7, 1],44.91,17.8,6.29,
151,2651,492,1240,[2, 7, 1],45.03,17.9,6.29,
152,2641,473,1272,[3, 6, 6],45.52,18.01,6.31,
153,2647,483,1270,[6, 2, 5],45.61,18.08,6.31,
154,2637,489,1225,[6, 2, 5],46.0,18.23,6.32,
155,2634,480,1225,[2, 7, 1],46.32,18.42,6.31,
156,2660,500,1226,[6, 2, 5],46.03,18.37,6.31,
157,2652,514,1184,[2, 7, 1],46.35,18.53,6.32,
158,2642,520,1210,[3, 4, 6],46.74,18.66,6.33,
159,2664,524,1207,[3, 4, 6],46.57,18.62,6.33,
160,2681,514,1207,[3, 3, 5],46.53,18.6,6.34,
161,2667,499,1193,[3, 4, 6],47.05,18.84,6.33,
162,2640,508,1192,[2, 6, 7],47.74,19.11,6.34,
163,2614,498,1221,[3, 2, 5],48.49,19.43,6.34,
164,2579,494,1204,[6, 6, 0],49.43,19.75,6.35,
165,2587,495,1229,[5, 5, 1],49.53,19.84,6.35,
166,2590,484,1208,[5, 5, 1],49.78,19.92,6.35,
167,2596,482,1235,[5, 5, 1],49.93,20.01,6.35,
168,2612,483,1231,[5, 5, 1],49.86,20.04,6.35,
169,2621,492,1217,[2, 0, 5],49.9,20.1,6.35,
170,2629,489,1223,[1, 4, 4],50.01,20.17,6.35,
171,2640,495,1232,[1, 4, 4],50.01,20.2,6.35,
172,2656,493,1216,[1, 4, 4],49.95,20.18,6.36,
173,2675,478,1208,[2, 6, 1],49.88,20.18,6.36,
174,2690,490,1209,[0, 3, 5],49.77,20.15,6.36,
175,2688,486,1216,[0, 6, 4],50.04,20.32,6.36,
176,2697,494,1208,[0, 6, 4],50.06,20.38,6.36,
177,2681,485,1194,[3, 6, 5],50.6,20.61,6.36,
178,2675,489,1210,[3, 6, 5],50.92,20.77,6.37,
179,2685,484,1210,[0, 3, 5],50.97,20.81,6.37,
180,2674,484,1211,[0, 3, 5],51.4,20.95,6.38,
181,2653,467,1240,[0, 3, 5],52.1,21.25,6.37,
182,2652,484,1205,[0, 3, 5],52.29,21.33,6.38,
183,2643,464,1220,[0, 3, 5],52.77,21.51,6.39,
184,2630,474,1227,[0, 3, 5],53.23,21.69,6.39,
185,2616,481,1227,[5, 1, 7],53.74,21.94,6.39,
186,2587,474,1199,[1, 4, 4],54.62,22.28,6.4,
187,2582,475,1253,[1, 4, 4],54.99,22.46,6.4,
188,2563,466,1241,[1, 4, 4],55.7,22.75,6.4,
189,2550,467,1229,[1, 4, 4],56.25,23.01,6.4,
190,2554,471,1268,[1, 4, 4],56.42,23.09,6.4,
191,2583,473,1230,[1, 4, 4],56.05,22.92,6.41,
192,2582,478,1221,[1, 5, 6],56.32,23.0,6.42,
193,2613,487,1244,[1, 5, 6],55.87,22.83,6.43,
194,2624,491,1222,[1, 5, 6],55.86,22.83,6.43,
195,2605,494,1216,[1, 5, 6],56.5,23.11,6.43,
196,2582,501,1207,[1, 5, 6],57.24,23.45,6.43,
197,2577,498,1237,[1, 5, 6],57.62,23.6,6.44,
198,2556,495,1237,[1, 2, 2],58.38,23.85,6.44,
199,2562,487,1256,[5, 5, 1],58.55,23.9,6.45,
200,2578,485,1234,[1, 5, 6],58.46,23.81,6.46,
201,2584,513,1223,[1, 5, 6],58.48,23.91,6.45,
202,2573,503,1242,[0, 3, 5],59.03,24.17,6.45,
203,2591,500,1234,[0, 3, 5],58.89,24.16,6.45,
204,2596,495,1196,[1, 5, 6],59.05,24.25,6.44,
205,2597,507,1205,[1, 5, 6],59.24,24.39,6.44,
206,2604,519,1207,[1, 5, 6],59.29,24.44,6.45,
207,2606,505,1205,[1, 5, 6],59.54,24.55,6.45,
208,2613,499,1228,[1, 5, 6],59.66,24.62,6.45,
209,2611,495,1224,[1, 5, 6],59.97,24.79,6.44,
210,2596,490,1206,[1, 5, 6],60.59,25.06,6.44,
211,2588,483,1222,[1, 5, 6],61.06,25.21,6.45,
212,2582,496,1206,[3, 6, 4],61.41,25.37,6.45,
213,2586,491,1190,[3, 6, 4],61.59,25.47,6.45,
214,2574,487,1209,[5, 5, 1],62.16,25.7,6.45,
215,2593,496,1216,[6, 6, 2],61.93,25.65,6.45,
216,2583,487,1227,[6, 6, 2],62.46,25.73,6.47,
217,2612,497,1229,[3, 4, 6],61.99,25.53,6.47,
218,2605,501,1230,[7, 4, 2],62.38,25.67,6.47,
219,2594,502,1196,[2, 5, 2],62.9,25.92,6.47,
220,2571,519,1195,[2, 5, 2],63.66,26.26,6.48,
221,2566,521,1199,[7, 2, 5],64.04,26.39,6.48,
222,2533,525,1207,[2, 5, 2],65.14,26.83,6.48,
223,2531,527,1206,[2, 7, 5],65.47,26.94,6.48,
224,2539,531,1196,[2, 7, 5],65.53,26.94,6.49,
225,2552,525,1202,[2, 7, 2],65.5,26.92,6.49,
226,2553,525,1191,[2, 7, 2],65.75,27.06,6.49,
227,2583,533,1189,[1, 0, 6],65.22,26.87,6.49,
228,2579,531,1197,[5, 5, 5],65.59,27.05,6.49,
229,2568,528,1188,[5, 5, 5],66.15,27.3,6.49,
230,2559,534,1176,[5, 5, 5],66.63,27.53,6.49,
231,2534,523,1192,[0, 3, 5],67.61,27.91,6.49,
232,2503,515,1210,[0, 3, 5],68.77,28.38,6.49,
233,2497,515,1219,[2, 0, 7],69.24,28.56,6.49,
234,2496,511,1221,[2, 0, 7],69.58,28.7,6.49,
235,2507,506,1220,[2, 6, 1],69.6,28.73,6.49,
236,2511,496,1228,[2, 6, 1],69.82,28.79,6.49,
237,2504,506,1215,[2, 6, 6],70.27,29.0,6.49,
238,2500,503,1234,[2, 5, 2],70.69,29.15,6.5,
239,2512,504,1243,[2, 5, 2],70.65,29.15,6.5,
240,2507,514,1235,[2, 5, 2],71.05,29.32,6.5,
241,2511,498,1223,[2, 5, 2],71.29,29.43,6.5,
242,2533,521,1217,[2, 6, 1],70.87,29.31,6.5,
243,2559,510,1217,[2, 7, 2],70.47,29.16,6.5,
244,2565,530,1206,[2, 6, 1],70.5,29.23,6.5,
245,2590,538,1200,[2, 6, 1],70.05,29.05,6.5,
246,2573,536,1190,[1, 5, 6],70.78,29.23,6.51,
247,2556,539,1161,[2, 5, 6],71.51,29.56,6.51,
248,2562,528,1167,[1, 5, 6],71.65,29.57,6.51,
249,2571,526,1193,[1, 0, 5],71.68,29.61,6.51,
250,2584,520,1191,[2, 7, 2],71.61,29.61,6.51,
251,2603,502,1193,[3, 2, 5],71.41,29.52,6.51,
252,2615,508,1202,[5, 5, 1],71.31,29.5,6.52,
253,2615,504,1192,[2, 7, 2],71.57,29.63,6.52,
254,2592,502,1204,[1, 5, 6],72.46,30.01,6.52,
255,2577,497,1213,[1, 5, 6],73.16,30.3,6.52,
256,2573,490,1213,[1, 5, 6],73.57,30.42,6.52,
257,2569,490,1227,[1, 5, 6],73.95,30.57,6.52,
258,2566,499,1192,[1, 5, 6],74.27,30.7,6.53,
259,2569,497,1198,[1, 5, 6],74.46,30.79,6.53,
260,2579,490,1214,[1, 5, 6],74.46,30.82,6.53,
261,2577,484,1214,[1, 5, 6],74.8,30.91,6.53,
262,2572,493,1180,[1, 5, 6],75.18,31.02,6.54,
263,2569,492,1218,[1, 5, 6],75.54,31.18,6.54,
264,2556,488,1216,[2, 7, 2],76.21,31.45,6.54,
265,2558,486,1205,[2, 7, 2],76.43,31.5,6.55,
266,2535,488,1199,[2, 7, 2],77.39,31.91,6.54,
267,2527,494,1200,[6, 4, 3],77.9,32.12,6.54,
268,2508,498,1206,[2, 2, 0],78.76,32.49,6.54,
269,2516,497,1211,[2, 2, 0],78.81,32.53,6.54,
270,2517,512,1213,[0, 5, 3],79.01,32.62,6.54,
271,2499,500,1192,[3, 2, 5],79.92,32.96,6.55,
272,2512,491,1215,[3, 2, 5],79.84,32.88,6.55,
273,2533,490,1240,[3, 7, 6],79.47,32.72,6.55,
274,2532,492,1218,[3, 7, 6],79.78,32.78,6.56,
275,2548,495,1222,[3, 7, 6],79.54,32.74,6.55,
276,2568,495,1218,[4, 5, 6],79.19,32.65,6.55,
277,2552,492,1196,[2, 5, 2],79.97,32.96,6.55,
278,2530,511,1216,[3, 2, 5],80.88,33.4,6.55,
279,2543,510,1207,[3, 2, 5],80.74,33.36,6.55,
280,2548,518,1208,[3, 2, 5],80.83,33.45,6.55,
281,2540,531,1186,[3, 2, 5],81.32,33.65,6.55,
282,2555,524,1198,[2, 0, 2],81.14,33.56,6.55,
283,2559,506,1220,[1, 5, 6],81.36,33.66,6.55,
284,2573,506,1220,[2, 0, 2],81.18,33.62,6.55,
285,2578,502,1209,[1, 5, 6],81.31,33.71,6.55,
286,2567,510,1215,[1, 5, 6],81.89,33.92,6.55,
287,2541,529,1232,[1, 5, 6],82.93,34.36,6.56,
288,2515,506,1214,[1, 5, 6],84.17,34.85,6.56,
289,2496,506,1228,[1, 5, 6],85.11,35.25,6.56,
290,2475,497,1228,[2, 2, 5],86.17,35.68,6.55,
291,2494,506,1251,[5, 7, 5],85.79,35.57,6.55,
292,2501,504,1245,[5, 7, 5],85.86,35.45,6.56,
293,2527,505,1223,[5, 7, 5],85.27,35.22,6.56,
294,2537,504,1238,[7, 3, 0],85.21,35.22,6.56,
295,2542,502,1241,[7, 3, 0],85.33,35.29,6.56,
296,2537,512,1250,[7, 3, 0],85.74,35.53,6.56,
297,2550,500,1269,[2, 6, 2],85.63,35.47,6.56,
298,2539,500,1247,[2, 6, 2],86.28,35.74,6.56,
299,2552,511,1234,[1, 5, 6],86.07,35.69,6.56,
300,2573,525,1214,[1, 5, 6],85.59,35.56,6.56,
301,2573,521,1219,[1, 5, 6],85.87,35.7,6.55,
302,2550,529,1223,[1, 5, 6],86.89,36.16,6.55,
303,2569,531,1205,[1, 5, 6],86.5,36.02,6.55,
304,2547,530,1212,[1, 5, 6],87.53,36.46,6.55,
305,2511,526,1213,[1, 5, 6],89.09,37.09,6.55,
306,2504,544,1240,[1, 0, 0],89.57,37.34,6.55,
307,2479,530,1227,[1, 0, 0],90.83,37.85,6.55,
308,2475,538,1219,[1, 2, 2],91.26,38.07,6.55,
309,2488,545,1202,[1, 2, 2],91.06,38.02,6.55,
310,2489,542,1175,[2, 2, 2],91.34,38.12,6.55,
311,2485,557,1196,[1, 2, 2],91.74,38.33,6.54,
312,2512,549,1192,[2, 2, 2],91.08,38.08,6.54,
313,2503,545,1202,[2, 3, 5],91.72,38.3,6.54,
314,2524,540,1192,[2, 3, 7],91.26,38.12,6.54,
315,2526,547,1177,[6, 4, 2],91.45,38.24,6.54,
316,2514,546,1204,[6, 4, 2],92.18,38.55,6.54,
317,2493,553,1181,[2, 0, 2],93.23,38.99,6.54,
318,2489,556,1198,[6, 4, 2],93.67,39.12,6.55,
319,2486,545,1195,[6, 4, 2],94.13,39.29,6.55,
320,2485,541,1210,[5, 2, 6],94.5,39.43,6.55,
321,2500,531,1227,[5, 2, 6],94.28,39.33,6.55,
322,2514,528,1233,[5, 2, 6],94.06,39.25,6.55,
323,2522,506,1225,[2, 6, 2],94.13,39.26,6.54,
324,2540,521,1239,[5, 2, 6],93.69,39.14,6.54,
325,2559,504,1225,[1, 6, 2],93.33,38.98,6.54,
326,2545,504,1219,[5, 5, 1],94.12,39.32,6.54,
327,2562,495,1234,[2, 7, 4],93.81,39.21,6.54,
328,2558,486,1226,[2, 1, 2],94.26,39.38,6.54,
329,2548,480,1244,[2, 1, 2],94.93,39.63,6.54,
330,2558,499,1217,[1, 2, 1],94.76,39.61,6.54,
331,2567,505,1217,[1, 2, 1],94.67,39.63,6.54,
332,2523,496,1221,[5, 5, 6],96.64,40.39,6.54,
333,2516,507,1222,[7, 2, 3],97.15,40.64,6.54,
334,2495,491,1254,[1, 4, 4],98.33,41.1,6.54,
335,2462,492,1239,[1, 4, 4],99.96,41.73,6.55,
336,2460,498,1230,[1, 4, 4],100.34,41.9,6.55,
337,2478,501,1231,[3, 2, 5],99.92,41.75,6.55,
338,2502,501,1235,[3, 2, 5],99.26,41.47,6.55,
339,2517,499,1216,[7, 3, 7],98.96,41.33,6.55,
340,2536,507,1226,[7, 3, 7],98.48,41.18,6.54,
341,2546,501,1221,[3, 6, 5],98.39,41.13,6.55,
342,2535,488,1240,[3, 6, 5],99.15,41.46,6.54,
343,2538,486,1240,[7, 2, 6],99.32,41.57,6.54,
344,2544,493,1228,[3, 0, 1],99.34,41.61,6.54,
345,2559,495,1218,[7, 2, 6],99.02,41.5,6.54,
346,2548,495,1223,[5, 5, 5],99.72,41.8,6.54,
347,2555,501,1226,[2, 2, 7],99.7,41.8,6.54,
348,2569,495,1236,[5, 5, 5],99.45,41.71,6.54,
349,2565,490,1231,[5, 5, 5],99.9,41.9,6.54,
350,2553,495,1211,[5, 5, 5],100.62,42.23,6.54,
351,2568,506,1201,[1, 2, 3],100.25,42.11,6.54,
352,2554,493,1206,[1, 2, 3],101.13,42.48,6.54,
353,2535,498,1205,[1, 2, 3],102.15,42.91,6.54,
354,2543,504,1228,[6, 4, 4],102.09,42.83,6.54,
355,2552,491,1230,[4, 6, 0],102.06,42.84,6.54,
356,2546,491,1196,[7, 3, 0],102.57,43.05,6.54,
357,2531,460,1209,[7, 3, 0],103.57,43.38,6.54,
358,2507,455,1235,[7, 3, 0],104.87,43.91,6.54,
359,2491,466,1247,[7, 3, 0],105.81,44.3,6.55,
360,2471,471,1228,[2, 5, 2],106.96,44.8,6.54,
361,2526,483,1234,[5, 7, 5],104.88,43.99,6.54,
362,2567,478,1190,[5, 7, 5],103.49,43.42,6.54,
363,2597,485,1175,[5, 7, 5],102.53,43.02,6.55,
364,2620,489,1206,[2, 2, 5],101.86,42.77,6.55,
365,2623,473,1188,[5, 7, 5],102.04,42.86,6.55,
366,2600,484,1193,[5, 7, 5],103.15,43.34,6.55,
367,2572,476,1223,[5, 7, 5],104.57,43.94,6.55,
368,2605,464,1241,[5, 7, 5],103.55,43.56,6.55,
369,2599,471,1237,[5, 1, 5],104.01,43.81,6.55,
370,2626,468,1220,[7, 6, 5],103.2,43.51,6.55,
371,2641,471,1198,[7, 6, 5],102.84,43.41,6.55,
372,2657,476,1208,[7, 6, 5],102.43,43.31,6.54,
373,2645,480,1187,[7, 6, 5],103.11,43.64,6.54,
374,2636,480,1181,[7, 6, 5],103.7,43.92,6.54,
375,2641,478,1190,[2, 7, 5],103.75,43.93,6.54,
376,2628,464,1221,[6, 6, 4],104.55,44.25,6.55,
377,2623,474,1188,[4, 4, 4],104.95,44.45,6.55,
378,2611,477,1207,[6, 2, 5],105.67,44.8,6.54,
379,2586,448,1216,[2, 3, 5],107.06,45.37,6.54,
380,2594,452,1228,[2, 0, 2],106.97,45.39,6.54,
381,2579,445,1219,[2, 3, 5],107.88,45.69,6.55,
382,2576,444,1225,[2, 3, 5],108.27,45.88,6.55,
383,2581,456,1221,[2, 3, 5],108.28,45.93,6.55,
384,2568,454,1203,[1, 4, 1],109.1,46.31,6.54,
385,2571,462,1219,[5, 5, 0],109.21,46.4,6.54,
386,2555,468,1201,[5, 5, 0],110.14,46.74,6.54,
387,2537,459,1218,[5, 5, 0],111.23,47.13,6.55,
388,2520,470,1228,[5, 5, 0],112.23,47.53,6.55,
389,2523,474,1242,[5, 5, 0],112.37,47.59,6.55,
390,2513,479,1236,[0, 0, 3],113.08,47.91,6.55,
391,2505,493,1233,[2, 6, 2],113.69,48.15,6.55,
392,2509,497,1204,[7, 2, 6],113.78,48.21,6.56,
393,2517,489,1227,[2, 6, 2],113.74,48.1,6.56,
394,2504,484,1220,[2, 6, 2],114.65,48.49,6.56,
395,2510,497,1225,[5, 2, 7],114.62,48.47,6.56,
396,2524,497,1225,[5, 2, 7],114.28,48.32,6.56,
397,2524,503,1208,[0, 2, 6],114.54,48.44,6.56,
398,2506,506,1220,[2, 7, 5],115.64,48.88,6.57,
399,2503,499,1244,[1, 5, 6],116.1,49.0,6.57,
400,2488,502,1227,[3, 1, 6],117.1,49.36,6.57,
401,2481,514,1249,[1, 2, 3],117.69,49.64,6.57,
402,2498,506,1232,[1, 5, 6],117.23,49.46,6.57,
403,2538,509,1231,[1, 5, 6],115.65,48.85,6.57,
404,2537,504,1206,[1, 2, 3],116.0,48.99,6.57,
405,2542,511,1204,[2, 2, 7],116.02,49.04,6.57,
406,2528,505,1211,[1, 2, 3],116.97,49.42,6.57,
407,2537,513,1213,[1, 2, 3],116.81,49.39,6.57,
408,2518,515,1208,[1, 2, 3],117.97,49.83,6.57,
409,2510,520,1186,[6, 2, 3],118.62,50.12,6.57,
410,2493,513,1190,[5, 1, 7],119.75,50.6,6.57,
411,2515,490,1203,[2, 7, 5],119.09,50.28,6.57,
412,2512,495,1209,[5, 1, 7],119.51,50.42,6.58,
413,2533,498,1206,[5, 1, 7],118.79,50.12,6.58,
414,2531,497,1191,[2, 7, 5],119.17,50.24,6.59,
415,2544,496,1223,[2, 5, 2],118.85,50.07,6.59,
416,2582,507,1203,[3, 5, 2],117.32,49.44,6.59,
417,2601,498,1190,[2, 7, 5],116.75,49.22,6.59,
418,2616,494,1190,[0, 2, 5],116.35,49.04,6.6,
419,2626,493,1182,[0, 2, 5],116.15,49.02,6.59,
420,2611,484,1204,[0, 2, 5],117.09,49.45,6.59,
421,2558,493,1196,[2, 5, 6],119.75,50.56,6.59,
422,2544,486,1191,[1, 5, 6],120.71,50.92,6.59,
423,2536,485,1212,[2, 3, 6],121.38,51.15,6.6,
424,2523,488,1230,[2, 6, 7],122.28,51.53,6.6,
425,2514,472,1232,[2, 6, 7],123.07,51.85,6.59,
426,2512,464,1215,[2, 5, 4],123.49,52.01,6.59,
427,2514,465,1222,[2, 6, 2],123.67,52.12,6.59,
428,2505,476,1234,[2, 0, 1],124.37,52.4,6.6,
429,2486,462,1241,[0, 2, 5],125.68,52.92,6.6,
430,2473,456,1262,[0, 2, 5],126.68,53.32,6.6,
431,2503,464,1227,[1, 2, 3],125.42,52.85,6.59,
432,2520,466,1235,[1, 2, 6],124.86,52.64,6.59,
433,2509,478,1215,[1, 2, 6],125.65,52.97,6.59,
434,2511,493,1199,[1, 2, 6],125.79,53.07,6.59,
435,2516,481,1231,[1, 2, 6],125.87,52.98,6.6,
436,2494,489,1206,[6, 7, 4],127.25,53.48,6.6,
437,2491,483,1223,[1, 5, 6],127.73,53.71,6.6,
438,2500,487,1215,[2, 3, 7],127.55,53.62,6.6,
439,2508,489,1216,[1, 5, 6],127.44,53.61,6.6,
440,2536,491,1212,[2, 6, 7],126.3,53.08,6.6,
441,2544,499,1195,[2, 6, 7],126.15,52.93,6.6,
442,2574,507,1193,[2, 6, 7],124.92,52.49,6.6,
443,2590,513,1167,[1, 5, 6],124.39,52.32,6.6,
444,2597,511,1153,[1, 5, 6],124.31,52.32,6.6,
445,2590,503,1199,[1, 5, 6],124.93,52.62,6.6,
446,2573,494,1190,[1, 5, 6],126.05,53.06,6.6,
447,2569,486,1217,[1, 5, 6],126.55,53.29,6.6,
448,2546,495,1230,[1, 5, 6],127.94,53.87,6.6,
449,2556,484,1234,[2, 5, 0],127.75,53.82,6.6,
450,2554,489,1231,[2, 3, 5],128.11,54.0,6.6,
451,2555,477,1211,[2, 3, 5],128.38,54.1,6.6,
452,2524,474,1233,[2, 3, 5],130.25,54.87,6.6,
453,2521,487,1210,[2, 3, 5],130.64,55.09,6.6,
454,2509,493,1203,[1, 0, 6],131.53,55.43,6.6,
455,2505,493,1215,[2, 3, 5],132.04,55.67,6.6,
456,2518,495,1202,[2, 3, 5],131.64,55.54,6.6,
457,2511,494,1169,[5, 2, 2],132.3,55.85,6.6,
458,2528,523,1177,[5, 2, 2],131.58,55.56,6.6,
459,2541,509,1157,[1, 4, 4],131.24,55.4,6.6,
460,2543,509,1203,[7, 3, 1],131.42,55.5,6.6,
461,2545,498,1181,[1, 6, 2],131.64,55.56,6.6,
462,2572,487,1186,[1, 6, 2],130.56,55.12,6.6,
463,2581,483,1189,[5, 2, 6],130.38,55.09,6.6,
464,2574,483,1185,[5, 2, 6],131.0,55.26,6.6,
465,2591,484,1196,[5, 2, 6],130.39,55.06,6.6,
466,2589,479,1212,[3, 5, 6],130.77,55.26,6.6,
467,2573,476,1189,[5, 7, 5],131.85,55.75,6.6,
468,2559,470,1187,[5, 7, 5],132.87,56.21,6.59,
469,2544,469,1225,[1, 0, 6],133.93,56.68,6.59,
470,2536,457,1246,[1, 0, 6],134.68,56.99,6.6,
471,2531,468,1229,[1, 0, 6],135.19,57.25,6.6,
472,2537,461,1237,[6, 2, 7],135.18,57.26,6.59,
473,2536,463,1232,[5, 5, 1],135.51,57.38,6.6,
474,2543,470,1193,[5, 5, 1],135.38,57.37,6.6,
475,2539,487,1196,[5, 5, 1],135.81,57.61,6.59,
476,2532,496,1173,[5, 5, 1],136.43,57.91,6.59,
477,2549,505,1212,[2, 7, 1],135.76,57.69,6.59,
478,2540,491,1192,[3, 6, 2],136.58,58.0,6.59,
479,2542,490,1207,[0, 3, 1],136.75,58.07,6.59,
480,2538,488,1205,[3, 4, 6],137.25,58.27,6.59,
481,2535,483,1199,[3, 5, 2],137.71,58.48,6.59,
482,2517,486,1204,[3, 2, 7],138.98,58.95,6.6,
483,2521,480,1225,[3, 2, 7],139.07,59.0,6.6,
484,2515,490,1229,[3, 4, 6],139.65,59.24,6.6,
485,2508,486,1199,[2, 7, 5],140.35,59.55,6.6,
486,2516,491,1200,[2, 7, 5],140.17,59.52,6.6,
487,2502,477,1228,[1, 2, 5],141.31,59.98,6.6,
488,2508,491,1229,[4, 4, 4],141.21,59.97,6.6,
489,2520,479,1228,[4, 4, 4],140.88,59.84,6.59,
490,2535,489,1204,[3, 2, 2],140.29,59.62,6.59,
491,2538,488,1225,[3, 2, 2],140.41,59.7,6.59,
492,2518,497,1208,[0, 4, 6],141.78,60.17,6.6,
493,2530,490,1204,[0, 4, 6],141.42,60.03,6.6,
494,2520,497,1200,[1, 2, 2],142.24,60.41,6.6,
495,2518,494,1208,[3, 4, 6],142.65,60.55,6.6,
496,2505,503,1198,[1, 2, 2],143.65,60.99,6.6,
497,2498,519,1201,[2, 4, 7],144.29,61.3,6.6,
498,2487,508,1191,[3, 2, 7],145.28,61.67,6.6,
499,2490,507,1172,[2, 6, 2],145.41,61.72,6.6,
500,2497,496,1217,[3, 2, 2],145.35,61.71,6.6,
501,2515,487,1204,[0, 0, 2],144.64,61.43,6.6,
502,2520,485,1195,[3, 2, 5],144.64,61.44,6.6,
503,2507,485,1193,[5, 1, 0],145.68,61.8,6.6,
504,2524,470,1222,[2, 6, 2],145.05,61.53,6.6,
505,2541,471,1211,[2, 6, 2],144.36,61.28,6.6,
506,2545,488,1186,[2, 6, 2],144.35,61.33,6.6,
507,2554,479,1216,[2, 6, 2],144.14,61.26,6.6,
508,2569,469,1233,[6, 2, 5],143.61,61.03,6.6,
509,2558,480,1225,[1, 5, 6],144.45,61.43,6.6,
510,2539,469,1256,[2, 3, 5],145.85,62.04,6.59,
511,2522,481,1231,[2, 3, 5],147.08,62.55,6.6,
512,2521,492,1228,[1, 5, 6],147.38,62.68,6.6,
513,2521,495,1230,[1, 5, 6],147.66,62.84,6.6,
514,2512,503,1208,[1, 5, 6],148.45,63.04,6.6,
515,2519,501,1227,[1, 5, 6],148.34,62.99,6.6,
516,2533,499,1223,[1, 5, 6],147.81,62.8,6.6,
517,2550,507,1181,[1, 5, 6],147.07,62.55,6.6,
518,2562,516,1197,[5, 1, 0],146.62,62.34,6.6,
519,2568,523,1196,[5, 1, 0],146.52,62.31,6.61,
520,2573,500,1236,[2, 6, 5],146.59,62.28,6.61,
521,2575,511,1213,[2, 2, 5],146.7,62.37,6.61,
522,2566,503,1216,[2, 2, 5],147.51,62.75,6.61,
523,2544,504,1211,[2, 2, 5],149.06,63.4,6.61,
524,2526,501,1212,[5, 0, 5],150.41,63.94,6.61,
525,2507,509,1206,[3, 2, 5],151.81,64.57,6.61,
526,2500,509,1201,[5, 0, 5],152.54,64.91,6.6,
527,2492,512,1213,[5, 0, 5],153.31,65.26,6.6,
528,2463,501,1221,[2, 1, 7],155.48,66.14,6.6,
529,2469,513,1208,[2, 1, 7],155.36,66.12,6.6,
530,2456,513,1226,[2, 1, 7],156.5,66.61,6.6,
531,2463,512,1227,[5, 0, 5],156.38,66.54,6.6,
532,2457,518,1217,[5, 0, 5],157.06,66.84,6.6,
533,2462,513,1189,[5, 0, 5],157.08,66.8,6.6,
534,2466,527,1198,[5, 0, 5],157.08,66.79,6.6,
535,2487,515,1206,[0, 0, 6],156.11,66.39,6.6,
536,2519,522,1212,[5, 1, 7],154.39,65.56,6.6,
537,2523,517,1215,[5, 1, 7],154.46,65.61,6.6,
538,2538,514,1186,[5, 1, 7],153.83,65.36,6.6,
539,2543,498,1212,[5, 1, 7],153.87,65.39,6.6,
540,2549,480,1214,[5, 1, 6],153.86,65.32,6.6,
541,2527,486,1197,[1, 2, 3],155.46,66.01,6.6,
542,2540,502,1181,[1, 2, 3],154.88,65.83,6.6,
543,2556,515,1179,[5, 1, 7],154.13,65.58,6.6,
544,2550,511,1192,[5, 1, 7],154.78,65.88,6.6,
545,2538,491,1216,[5, 1, 7],155.87,66.36,6.59,
546,2539,478,1209,[5, 1, 7],156.14,66.43,6.6,
547,2527,487,1203,[2, 6, 2],157.13,66.88,6.59,
548,2533,487,1225,[5, 5, 0],157.05,66.86,6.59,
549,2538,482,1211,[5, 5, 5],157.04,66.82,6.6,
550,2535,482,1245,[5, 5, 5],157.51,66.94,6.6,
551,2535,491,1226,[5, 5, 5],157.75,67.08,6.6,
552,2527,496,1207,[6, 2, 3],158.51,67.4,6.6,
553,2519,491,1213,[5, 5, 5],159.33,67.76,6.6,
554,2514,503,1222,[0, 2, 0],159.89,68.03,6.6,
555,2502,504,1226,[0, 2, 0],160.94,68.49,6.6,
556,2507,497,1224,[0, 2, 0],160.95,68.48,6.6,
557,2505,499,1233,[0, 2, 0],161.37,68.63,6.6,
558,2510,497,1209,[1, 5, 6],161.35,68.57,6.61,
559,2506,500,1233,[1, 5, 6],161.88,68.84,6.61,
560,2510,492,1241,[3, 7, 0],161.95,68.84,6.61,
561,2506,495,1230,[3, 7, 0],162.5,69.11,6.61,
562,2507,496,1201,[2, 6, 2],162.73,69.22,6.61,
563,2522,497,1216,[2, 3, 4],162.04,68.95,6.61,
564,2547,490,1231,[2, 3, 4],160.76,68.41,6.61,
565,2567,494,1227,[2, 3, 4],159.77,68.04,6.61,
566,2595,503,1212,[3, 4, 6],158.27,67.48,6.6,
567,2591,492,1170,[3, 4, 6],158.81,67.68,6.6,
568,2579,507,1186,[3, 4, 6],159.74,68.14,6.6,
569,2557,500,1199,[1, 2, 3],161.41,68.76,6.61,
570,2529,495,1198,[1, 2, 3],163.51,69.62,6.61,
571,2505,483,1217,[2, 0, 2],165.42,70.43,6.61,
572,2503,492,1185,[3, 2, 2],165.81,70.63,6.6,
573,2509,490,1220,[2, 0, 2],165.71,70.61,6.6,
574,2518,479,1231,[2, 6, 2],165.45,70.46,6.6,
575,2514,475,1226,[2, 0, 2],166.02,70.67,6.6,
576,2508,484,1213,[2, 2, 5],166.67,70.98,6.6,
577,2517,486,1195,[1, 5, 5],166.36,70.86,6.6,
578,2515,498,1228,[1, 5, 5],166.74,71.04,6.6,
579,2522,513,1179,[1, 5, 5],166.5,71.0,6.6,
580,2533,524,1191,[1, 5, 6],166.02,70.83,6.6,
581,2540,519,1211,[1, 5, 6],165.87,70.79,6.6,
582,2528,503,1183,[1, 5, 6],166.99,71.27,6.6,
583,2518,516,1203,[2, 5, 2],167.9,71.68,6.6,
584,2522,494,1225,[7, 0, 3],168.01,71.72,6.6,
585,2534,506,1193,[7, 0, 3],167.45,71.53,6.6,
586,2524,493,1226,[4, 3, 3],168.45,71.95,6.6,
587,2545,502,1218,[2, 3, 5],167.3,71.5,6.6,
588,2533,509,1224,[2, 3, 5],168.35,71.95,6.6,
589,2531,510,1201,[2, 3, 5],168.76,72.15,6.6,
590,2538,520,1193,[2, 3, 5],168.54,72.1,6.6,
591,2548,509,1196,[2, 3, 5],168.2,71.95,6.6,
592,2524,500,1203,[6, 2, 6],170.11,72.74,6.6,
593,2519,495,1227,[6, 2, 6],170.76,73.01,6.6,
594,2524,495,1210,[2, 6, 4],170.71,72.96,6.6,
595,2500,498,1214,[2, 6, 4],172.63,73.77,6.6,
596,2474,493,1184,[2, 6, 4],174.77,74.69,6.6,
597,2468,498,1208,[5, 0, 6],175.49,75.01,6.6,
598,2485,501,1207,[5, 0, 6],174.58,74.64,6.6,
599,2483,501,1200,[5, 0, 6],175.03,74.81,6.6,
600,2494,499,1199,[5, 0, 6],174.57,74.65,6.6,
601,2507,498,1205,[5, 0, 6],173.96,74.39,6.6,
602,2521,500,1227,[5, 0, 6],173.27,74.14,6.6,
603,2510,503,1215,[5, 0, 6],174.31,74.59,6.6,
604,2506,493,1210,[2, 5, 2],174.93,74.84,6.6,
605,2517,488,1212,[5, 1, 0],174.48,74.65,6.6,
606,2515,473,1228,[5, 1, 0],174.97,74.87,6.6,
607,2519,460,1251,[3, 5, 6],175.03,74.89,6.6,
608,2555,459,1245,[3, 5, 6],172.85,74.01,6.59,
609,2560,454,1229,[2, 2, 5],172.8,73.99,6.6,
610,2539,466,1247,[2, 2, 5],174.46,74.74,6.6,
611,2559,461,1262,[3, 2, 2],173.38,74.29,6.59,
612,2551,475,1239,[2, 2, 5],174.14,74.66,6.59,
613,2529,480,1266,[2, 2, 5],175.92,75.47,6.59,
614,2512,482,1241,[2, 2, 5],177.4,75.99,6.6,
615,2528,478,1241,[3, 7, 4],176.58,75.63,6.6,
616,2517,481,1232,[3, 7, 4],177.63,76.08,6.6,
617,2525,481,1245,[3, 7, 4],177.35,75.99,6.6,
618,2548,474,1234,[3, 7, 4],176.06,75.43,6.6,
619,2552,458,1251,[3, 7, 4],176.12,75.47,6.6,
620,2532,473,1219,[3, 7, 4],177.73,76.15,6.6,
621,2524,468,1230,[2, 2, 5],178.6,76.51,6.6,
622,2507,487,1207,[2, 2, 5],180.03,77.16,6.6,
623,2474,489,1217,[5, 5, 5],182.73,78.34,6.6,
624,2462,503,1214,[5, 5, 5],183.88,78.82,6.6,
625,2470,495,1232,[3, 2, 5],183.63,78.73,6.6,
626,2488,481,1240,[3, 2, 5],182.67,78.28,6.6,
627,2480,487,1235,[3, 2, 5],183.54,78.66,6.6,
628,2489,492,1254,[7, 3, 1],183.16,78.5,6.6,
629,2520,488,1222,[2, 7, 4],181.22,77.61,6.6,
630,2536,485,1196,[2, 7, 4],180.37,77.26,6.6,
631,2539,486,1210,[4, 4, 6],180.44,77.31,6.6,
632,2557,493,1214,[0, 5, 1],179.41,76.91,6.6,
633,2552,500,1209,[5, 5, 5],180.01,77.09,6.6,
634,2541,504,1214,[4, 4, 6],181.05,77.56,6.6,
635,2536,494,1232,[0, 5, 1],181.73,77.83,6.6,
636,2519,482,1236,[0, 5, 1],183.29,78.52,6.6,
637,2492,492,1221,[5, 5, 5],185.53,79.42,6.6,
638,2472,496,1211,[5, 5, 5],187.32,80.21,6.6,
639,2459,496,1210,[5, 5, 5],188.63,80.77,6.6,
640,2448,507,1221,[5, 5, 5],189.76,81.23,6.6,
641,2459,502,1222,[5, 5, 5],189.25,81.0,6.6,
642,2469,501,1223,[2, 5, 6],188.8,80.83,6.6,
643,2478,490,1232,[5, 5, 5],188.47,80.69,6.6,
644,2484,490,1233,[5, 5, 5],188.32,80.65,6.6,
645,2504,495,1239,[2, 7, 1],187.1,80.16,6.6,
646,2518,495,1238,[2, 7, 4],186.35,79.85,6.6,
647,2514,488,1231,[2, 6, 2],186.96,80.01,6.6,
648,2509,495,1213,[3, 5, 6],187.6,80.27,6.6,
649,2513,473,1229,[2, 5, 2],187.68,80.26,6.6,
650,2518,465,1264,[2, 2, 7],187.64,80.26,6.6,
651,2509,478,1268,[3, 5, 6],188.55,80.68,6.6,
652,2533,473,1272,[3, 5, 6],187.07,80.08,6.6,
653,2531,466,1251,[0, 2, 3],187.53,80.29,6.6,
654,2530,483,1231,[0, 2, 3],187.82,80.42,6.6,
655,2517,467,1247,[3, 5, 6],189.14,80.98,6.6,
656,2504,462,1260,[2, 0, 2],190.44,81.48,6.6,
657,2495,453,1260,[2, 0, 2],191.46,81.92,6.6,
658,2492,471,1245,[2, 0, 2],191.93,82.17,6.6,
659,2515,474,1227,[2, 2, 0],190.45,81.52,6.6,
660,2523,481,1210,[5, 5, 1],190.11,81.41,6.6,
661,2521,487,1213,[5, 7, 6],190.52,81.64,6.59,
662,2513,487,1240,[2, 6, 2],191.42,81.92,6.6,
663,2522,489,1228,[5, 4, 5],191.01,81.73,6.6,
664,2486,487,1210,[5, 7, 5],194.08,83.02,6.6,
665,2475,495,1208,[2, 5, 2],195.22,83.52,6.59,
666,2460,494,1204,[2, 5, 2],196.73,84.15,6.6,
667,2457,494,1190,[0, 2, 4],197.29,84.35,6.6,
668,2462,494,1189,[5, 5, 1],197.21,84.33,6.6,
669,2467,475,1196,[3, 2, 1],197.2,84.24,6.6,
670,2485,483,1242,[3, 2, 1],196.05,83.78,6.6,
671,2478,457,1259,[3, 2, 1],197.01,84.14,6.6,
672,2500,463,1248,[3, 2, 1],195.55,83.56,6.6,
673,2494,463,1225,[2, 7, 2],196.32,83.89,6.6,
674,2532,468,1241,[2, 5, 2],193.65,82.82,6.6,
675,2524,471,1230,[2, 5, 2],194.54,83.23,6.59,
676,2534,476,1216,[2, 5, 2],194.03,83.05,6.59,
677,2513,482,1217,[2, 3, 7],195.91,83.84,6.59,
678,2530,476,1203,[2, 5, 2],194.9,83.41,6.59,
679,2510,493,1216,[2, 5, 2],196.68,84.14,6.6,
680,2498,483,1219,[2, 3, 7],197.97,84.69,6.59,
681,2508,463,1251,[3, 2, 7],197.56,84.5,6.59,
682,2547,476,1243,[3, 2, 7],194.76,83.34,6.59,
683,2567,483,1223,[3, 2, 7],193.49,82.85,6.59,
684,2579,476,1221,[3, 2, 7],192.87,82.61,6.59,
685,2573,483,1200,[3, 2, 7],193.55,82.93,6.59,
686,2524,478,1231,[3, 2, 7],197.61,84.62,6.59,
687,2498,482,1240,[1, 4, 4],199.95,85.64,6.59,
688,2477,490,1237,[3, 5, 2],201.91,86.51,6.59,
689,2450,487,1244,[2, 5, 6],204.47,87.59,6.59,
690,2431,500,1239,[5, 7, 6],206.35,88.36,6.59,
691,2437,482,1245,[7, 3, 0],206.24,88.28,6.59,
692,2432,470,1239,[2, 5, 6],207.04,88.6,6.59,
693,2436,490,1211,[2, 5, 6],206.95,88.57,6.59,
694,2442,492,1227,[7, 2, 3],206.76,88.36,6.59,
695,2471,481,1238,[2, 5, 6],204.69,87.48,6.59,
696,2462,475,1240,[2, 3, 7],205.78,87.67,6.6,
697,2482,483,1232,[3, 2, 5],204.4,87.13,6.6,
698,2489,485,1240,[2, 5, 6],204.12,87.02,6.6,
699,2472,504,1217,[2, 5, 6],205.76,87.75,6.6,
700,2461,502,1222,[4, 4, 4],207.0,88.3,6.6,
701,2455,512,1222,[2, 5, 6],207.78,88.6,6.6,
702,2438,502,1192,[2, 5, 6],209.6,89.36,6.6,
703,2419,499,1230,[2, 5, 6],211.6,90.18,6.6,
704,2450,489,1252,[2, 5, 6],209.29,89.22,6.6,
705,2469,488,1263,[2, 5, 6],208.0,88.67,6.6,
706,2482,485,1239,[2, 2, 2],207.23,88.35,6.6,
707,2504,490,1230,[2, 2, 2],205.68,87.72,6.6,
708,2506,489,1225,[2, 2, 2],205.82,87.62,6.6,
709,2495,479,1228,[2, 2, 2],207.06,88.16,6.6,
710,2494,496,1227,[2, 2, 2],207.38,88.34,6.6,
711,2514,510,1208,[2, 5, 6],205.96,87.79,6.6,
712,2510,498,1230,[2, 5, 6],206.63,88.09,6.6,
713,2500,499,1203,[2, 5, 6],207.76,88.57,6.6,
714,2494,489,1205,[2, 2, 7],208.6,88.93,6.6,
715,2516,486,1214,[3, 2, 5],207.07,88.25,6.6,
716,2511,485,1226,[5, 7, 6],207.78,88.48,6.61,
717,2512,482,1227,[5, 1, 7],208.0,88.59,6.61,
718,2483,472,1223,[5, 1, 7],210.77,89.75,6.61,
719,2489,478,1240,[5, 1, 7],210.55,89.66,6.61,
720,2482,477,1227,[5, 1, 7],211.45,90.01,6.61,
721,2474,486,1221,[5, 1, 7],212.4,90.31,6.61,
722,2471,504,1226,[5, 7, 6],212.9,90.58,6.61,
723,2475,491,1230,[5, 1, 7],212.92,90.57,6.61,
724,2480,501,1248,[3, 5, 2],212.76,90.55,6.61,
725,2507,488,1241,[7, 3, 0],210.82,89.62,6.61,
726,2518,483,1240,[7, 2, 3],210.21,89.33,6.61,
727,2540,481,1224,[3, 7, 7],208.68,88.72,6.61,
728,2533,482,1239,[3, 2, 1],209.53,89.1,6.61,
729,2527,474,1239,[3, 2, 5],210.35,89.43,6.61,
730,2540,479,1251,[5, 7, 6],209.53,89.14,6.61,
731,2517,470,1241,[2, 5, 1],211.77,90.08,6.61,
732,2487,479,1251,[2, 5, 1],214.59,91.32,6.61,
733,2466,472,1231,[2, 6, 2],216.75,92.21,6.61,
734,2450,473,1242,[2, 6, 2],218.49,92.95,6.61,
735,2444,475,1249,[5, 1, 0],219.34,93.3,6.61,
736,2447,472,1261,[2, 5, 3],219.41,93.3,6.61,
737,2466,471,1246,[2, 5, 3],218.04,92.74,6.61,
738,2481,479,1230,[2, 5, 3],217.0,92.31,6.61,
739,2506,483,1216,[5, 6, 1],215.12,91.54,6.61,
740,2508,484,1230,[5, 6, 1],215.24,91.61,6.61,
741,2504,482,1216,[2, 2, 4],215.88,91.9,6.6,
742,2489,471,1236,[2, 2, 4],217.53,92.58,6.6,
743,2478,478,1224,[5, 1, 0],218.77,93.13,6.6,
744,2477,486,1228,[0, 2, 7],219.13,93.31,6.6,
745,2453,489,1216,[2, 2, 4],221.58,94.33,6.6,
746,2443,495,1220,[0, 2, 7],222.79,94.86,6.6,
747,2448,501,1231,[0, 2, 7],222.63,94.76,6.61,
748,2445,502,1218,[2, 2, 2],223.23,94.99,6.61,
749,2471,498,1228,[5, 0, 2],221.21,94.15,6.61,
750,2459,499,1223,[2, 1, 7],222.6,94.72,6.61,
751,2464,501,1218,[2, 2, 5],222.46,94.66,6.61,
752,2475,495,1229,[2, 2, 5],221.81,94.39,6.61,
753,2482,486,1219,[2, 2, 5],221.52,94.23,6.61,
754,2484,497,1233,[2, 2, 5],221.61,94.29,6.61,
755,2490,498,1216,[6, 2, 4],221.37,94.19,6.61,
756,2483,503,1220,[5, 0, 2],222.28,94.42,6.61,
757,2465,498,1230,[5, 0, 2],224.24,95.26,6.61,
758,2447,487,1225,[2, 2, 2],226.25,96.08,6.61,
759,2442,485,1240,[2, 2, 2],227.05,96.44,6.61,
760,2441,499,1260,[2, 3, 5],227.41,96.65,6.61,
761,2436,485,1242,[0, 6, 1],228.27,96.98,6.61,
762,2433,492,1231,[2, 3, 5],228.85,97.08,6.61,
763,2436,498,1221,[2, 3, 5],228.87,96.93,6.62,
764,2441,489,1215,[2, 0, 2],228.77,96.9,6.61,
765,2428,501,1218,[3, 2, 6],230.27,97.57,6.61,
766,2419,500,1229,[2, 0, 2],231.47,98.08,6.61,
767,2422,495,1252,[2, 3, 5],231.54,98.11,6.61,
768,2430,493,1244,[5, 2, 2],231.12,97.9,6.61,
769,2438,504,1249,[4, 7, 2],230.65,97.72,6.61,
770,2456,503,1235,[4, 7, 2],229.29,97.13,6.61,
771,2465,514,1236,[2, 2, 5],228.72,96.91,6.61,
772,2471,504,1235,[5, 7, 6],228.52,96.83,6.61,
773,2471,514,1225,[3, 2, 5],228.79,96.98,6.61,
774,2456,500,1212,[3, 2, 5],230.55,97.65,6.61,
775,2461,497,1235,[6, 2, 5],230.42,97.61,6.61,
776,2451,490,1234,[6, 2, 5],231.71,98.15,6.61,
777,2444,487,1241,[3, 7, 7],232.71,98.56,6.61,
778,2475,489,1260,[3, 7, 7],230.1,97.5,6.61,
779,2495,484,1243,[3, 7, 7],228.58,96.84,6.61,
780,2508,496,1219,[3, 7, 7],227.65,96.5,6.61,
781,2496,502,1221,[3, 7, 7],229.01,97.05,6.61,
782,2509,501,1222,[5, 7, 5],228.12,96.69,6.61,
783,2487,488,1233,[1, 2, 3],230.49,97.69,6.61,
784,2468,503,1223,[1, 2, 3],232.52,98.57,6.61,
785,2434,489,1239,[5, 5, 0],236.15,100.08,6.61,
786,2435,499,1224,[5, 7, 5],236.35,100.12,6.61,
787,2449,500,1247,[5, 0, 5],235.32,99.71,6.61,
788,2444,501,1224,[5, 5, 0],236.12,100.06,6.61,
789,2461,491,1220,[5, 5, 0],234.85,99.52,6.61,
790,2465,482,1216,[5, 5, 0],234.81,99.41,6.61,
791,2456,491,1218,[3, 7, 4],235.95,99.92,6.61,
792,2456,513,1195,[3, 7, 4],236.19,100.04,6.61,
793,2451,508,1168,[2, 5, 6],237.0,100.39,6.61,
794,2455,511,1202,[5, 5, 1],236.93,100.36,6.61,
795,2463,508,1215,[5, 5, 1],236.49,100.17,6.61,
796,2490,491,1244,[5, 5, 1],234.3,99.18,6.61,
797,2509,481,1242,[2, 5, 6],232.86,98.55,6.61,
798,2524,490,1197,[5, 5, 1],231.73,98.11,6.61,
799,2522,475,1233,[2, 5, 6],232.26,98.34,6.61,
800,2523,462,1246,[2, 5, 6],232.5,98.24,6.62,
801,2512,466,1251,[2, 5, 6],233.8,98.81,6.62,
802,2498,461,1245,[2, 5, 6],235.43,99.51,6.62,
803,2522,479,1247,[5, 1, 7],233.41,98.73,6.61,
804,2506,462,1242,[5, 1, 7],235.26,99.49,6.61,
805,2498,473,1219,[5, 1, 7],236.26,99.96,6.61,
806,2496,492,1220,[2, 5, 6],236.68,100.19,6.61,
807,2507,489,1220,[1, 2, 3],235.94,99.91,6.61,
808,2480,494,1213,[1, 2, 3],238.8,101.09,6.61,
809,2473,485,1212,[1, 2, 3],239.82,101.5,6.61,
810,2447,482,1215,[1, 2, 3],242.7,102.58,6.62,
811,2430,485,1218,[2, 5, 6],244.71,103.41,6.61,
812,2436,475,1231,[2, 5, 6],244.48,103.32,6.61,
813,2464,462,1235,[2, 5, 6],242.08,102.3,6.61,
814,2474,466,1207,[2, 2, 2],241.39,102.03,6.61,
815,2492,481,1207,[2, 2, 2],239.89,101.44,6.61,
816,2510,476,1240,[2, 2, 2],238.48,100.88,6.61,
817,2517,466,1238,[2, 2, 2],238.15,100.74,6.61,
818,2519,481,1223,[2, 2, 2],238.19,100.82,6.61,
819,2517,471,1233,[0, 6, 1],238.71,100.98,6.61,
820,2519,479,1244,[5, 1, 7],238.78,101.05,6.61,
821,2504,480,1241,[5, 0, 6],240.5,101.8,6.61,
822,2490,485,1235,[5, 0, 6],242.13,102.45,6.61,
823,2501,493,1204,[5, 0, 6],241.34,102.16,6.61,
824,2472,498,1228,[5, 0, 6],244.45,103.22,6.62,
825,2466,493,1224,[5, 0, 6],245.38,103.64,6.62,
826,2465,493,1248,[3, 5, 6],245.8,103.7,6.62,
827,2463,496,1233,[3, 5, 6],246.3,103.95,6.62,
828,2463,505,1240,[1, 4, 2],246.59,104.11,6.62,
829,2477,502,1211,[3, 5, 6],245.51,103.62,6.62,
830,2483,506,1219,[3, 5, 6],245.21,103.52,6.62,
831,2498,510,1213,[4, 5, 6],244.02,103.06,6.62,
832,2487,512,1235,[1, 3, 5],245.4,103.66,6.62,
833,2484,492,1216,[5, 7, 6],246.08,103.88,6.62,
834,2489,505,1220,[5, 7, 6],245.84,103.77,6.62,
835,2465,499,1216,[2, 2, 2],248.57,104.92,6.62,
836,2460,493,1222,[2, 0, 2],249.41,105.3,6.62,
837,2448,495,1218,[2, 0, 2],250.95,105.94,6.62,
838,2450,501,1222,[1, 2, 3],251.04,105.91,6.62,
839,2451,503,1236,[1, 2, 3],251.26,105.98,6.62,
840,2466,499,1207,[1, 2, 3],250.06,105.49,6.62,
841,2466,491,1226,[1, 2, 3],250.41,105.61,6.62,
842,2478,475,1213,[1, 2, 3],249.56,105.26,6.62,
843,2483,476,1251,[2, 2, 7],249.36,105.2,6.62,
844,2483,467,1259,[2, 1, 7],249.7,105.35,6.61,
845,2475,461,1231,[0, 0, 6],250.84,105.84,6.61,
846,2482,459,1249,[1, 3, 6],250.45,105.69,6.61,
847,2489,479,1211,[5, 0, 2],249.97,105.54,6.61,
848,2475,487,1245,[5, 0, 2],251.66,106.25,6.61,
849,2496,480,1259,[2, 5, 6],249.88,105.49,6.61,
850,2493,479,1244,[2, 5, 6],250.48,105.73,6.61,
851,2511,471,1265,[5, 5, 1],249.01,105.13,6.61,
852,2513,463,1246,[2, 2, 2],249.14,105.2,6.61,
853,2537,467,1235,[2, 2, 2],247.05,104.37,6.61,
854,2505,468,1253,[2, 7, 4],250.49,105.82,6.61,
855,2510,460,1254,[2, 2, 2],250.32,105.75,6.61,
856,2493,457,1261,[2, 2, 2],252.33,106.61,6.61,
857,2501,475,1249,[1, 2, 7],251.76,106.39,6.61,
858,2491,476,1233,[5, 5, 5],253.07,106.95,6.61,
859,2477,476,1218,[2, 2, 2],254.8,107.68,6.61,
860,2466,482,1234,[2, 2, 2],256.23,108.28,6.61,
861,2479,473,1201,[2, 7, 1],255.23,107.85,6.61,
862,2464,496,1213,[4, 0, 2],257.0,108.65,6.61,
863,2453,496,1246,[2, 2, 2],258.47,109.25,6.61,
864,2463,482,1243,[4, 0, 6],257.8,108.95,6.61,
865,2442,485,1240,[1, 2, 2],260.33,110.01,6.61,
866,2430,484,1222,[5, 5, 1],261.95,110.66,6.61,
867,2428,488,1243,[1, 2, 2],262.48,110.85,6.61,
868,2439,490,1264,[2, 3, 4],261.62,110.49,6.61,
869,2441,499,1229,[2, 3, 7],261.69,110.56,6.61,
870,2417,504,1226,[2, 3, 7],264.6,111.58,6.61,
871,2419,495,1222,[3, 7, 3],264.76,111.63,6.61,
872,2405,483,1220,[3, 7, 3],266.69,112.4,6.61,
873,2418,480,1261,[2, 7, 4],265.62,111.94,6.61,
874,2415,488,1247,[3, 2, 5],266.26,112.21,6.61,
875,2434,484,1245,[3, 2, 5],264.52,111.44,6.61,
876,2454,492,1227,[3, 2, 5],262.66,110.66,6.61,
877,2456,492,1194,[7, 2, 4],262.76,110.74,6.61,
878,2439,502,1211,[7, 2, 4],264.88,111.51,6.61,
879,2424,504,1213,[7, 2, 4],266.84,112.34,6.61,
880,2436,497,1218,[7, 2, 4],265.88,111.96,6.61,
881,2428,504,1203,[7, 2, 4],267.07,112.48,6.61,
882,2438,482,1241,[3, 2, 5],266.39,112.0,6.61,
883,2448,484,1235,[2, 5, 2],265.62,111.65,6.61,
884,2461,493,1200,[7, 2, 4],264.49,111.22,6.61,
885,2478,499,1201,[2, 0, 2],262.97,110.6,6.61,
886,2481,497,1187,[3, 7, 7],262.96,110.6,6.61,
887,2504,478,1228,[3, 7, 7],260.92,109.66,6.61,
888,2510,465,1246,[3, 7, 7],260.64,109.55,6.61,
889,2501,463,1234,[3, 4, 6],261.88,110.07,6.61,
890,2497,462,1214,[3, 4, 6],262.6,110.2,6.61,
891,2496,483,1210,[3, 4, 6],262.92,110.36,6.62,
892,2503,482,1209,[2, 3, 5],262.49,110.21,6.62,
893,2487,472,1203,[7, 3, 2],264.52,111.04,6.62,
894,2469,472,1212,[2, 3, 5],266.76,111.94,6.62,
895,2475,464,1192,[2, 3, 5],266.45,111.82,6.62,
896,2480,482,1210,[2, 3, 5],266.15,111.76,6.62,
897,2489,473,1192,[2, 3, 5],265.52,111.51,6.62,
898,2473,475,1202,[2, 3, 5],267.53,112.1,6.62,
899,2465,473,1221,[2, 3, 5],268.73,112.6,6.62,
900,2461,461,1256,[2, 3, 5],269.53,112.9,6.62,
901,2439,466,1204,[5, 5, 1],272.26,114.05,6.62,
902,2428,471,1228,[5, 5, 1],273.81,114.69,6.62,
903,2433,478,1215,[5, 5, 1],273.55,114.59,6.62,
904,2408,495,1202,[5, 5, 1],276.65,115.91,6.62,
905,2397,480,1219,[2, 1, 1],278.33,116.55,6.62,
906,2420,477,1245,[5, 1, 0],276.04,115.32,6.62,
907,2418,471,1249,[5, 1, 0],276.63,115.54,6.62,
908,2417,478,1241,[5, 1, 0],277.06,115.73,6.62,
909,2446,494,1236,[5, 5, 1],274.03,114.5,6.62,
910,2460,500,1237,[1, 2, 3],272.77,114.02,6.62,
911,2438,498,1237,[5, 5, 1],275.56,115.21,6.62,
912,2430,492,1247,[5, 5, 1],276.82,115.69,6.62,
913,2420,496,1235,[5, 7, 6],278.29,116.31,6.62,
914,2421,496,1216,[5, 7, 6],278.51,116.41,6.62,
915,2407,492,1245,[5, 7, 6],280.49,117.21,6.62,
916,2417,499,1256,[2, 6, 2],279.64,116.89,6.62,
917,2424,501,1238,[2, 6, 2],279.16,116.7,6.62,
918,2407,497,1231,[2, 6, 2],281.49,117.67,6.62,
919,2396,489,1237,[5, 5, 1],283.16,118.35,6.62,
920,2398,494,1239,[5, 2, 3],283.26,118.36,6.62,
921,2410,505,1230,[5, 5, 1],282.14,117.91,6.62,
922,2416,499,1232,[5, 5, 1],281.81,117.74,6.62,
923,2410,504,1255,[5, 5, 1],282.83,118.13,6.62,
